<?xml version="1.0" encoding="UTF-8"?>
<root>
  <item name="com.jaiselrahman.filepicker.model.MediaFile int getMediaType()">
    <annotation name="androidx.annotation.IntDef">
      <val name="value" val="{com.jaiselrahman.filepicker.model.MediaFile.TYPE_FILE, com.jaiselrahman.filepicker.model.MediaFile.TYPE_IMAGE, com.jaiselrahman.filepicker.model.MediaFile.TYPE_AUDIO, com.jaiselrahman.filepicker.model.MediaFile.TYPE_VIDEO}" />
    </annotation>
  </item>
  <item name="com.jaiselrahman.filepicker.model.MediaFile mediaType">
    <annotation name="androidx.annotation.IntDef">
      <val name="value" val="{com.jaiselrahman.filepicker.model.MediaFile.TYPE_FILE, com.jaiselrahman.filepicker.model.MediaFile.TYPE_IMAGE, com.jaiselrahman.filepicker.model.MediaFile.TYPE_AUDIO, com.jaiselrahman.filepicker.model.MediaFile.TYPE_VIDEO}" />
    </annotation>
  </item>
  <item name="com.jaiselrahman.filepicker.model.MediaFile void setMediaType(int) 0">
    <annotation name="androidx.annotation.IntDef">
      <val name="value" val="{com.jaiselrahman.filepicker.model.MediaFile.TYPE_FILE, com.jaiselrahman.filepicker.model.MediaFile.TYPE_IMAGE, com.jaiselrahman.filepicker.model.MediaFile.TYPE_AUDIO, com.jaiselrahman.filepicker.model.MediaFile.TYPE_VIDEO}" />
    </annotation>
  </item>
  <item name="com.jaiselrahman.filepicker.model.MediaFile.Type">
    <annotation name="androidx.annotation.IntDef">
      <val name="value" val="{com.jaiselrahman.filepicker.model.MediaFile.TYPE_FILE, com.jaiselrahman.filepicker.model.MediaFile.TYPE_IMAGE, com.jaiselrahman.filepicker.model.MediaFile.TYPE_AUDIO, com.jaiselrahman.filepicker.model.MediaFile.TYPE_VIDEO}" />
    </annotation>
  </item>
</root>

